Bacteria,Fago
mtb_c,WIVsmall
mtb_c,Saal
mtb_haarlem,WIVsmall
mtb_haarlem,Saal
m_microti,WIVsmall
m_microti,Saal
m_bovis,WIVsmall
m_bovis,Saal
m_lepraemurium,Squirty
m_africanum,WIVsmall
m_africanum,Saal
m_avium_ssp_paratuberculosis_k10,Vincenzo 
m_bovis_bcg,WIVsmall
m_bovis_bcg,Saal
m_smegmatis,Wee
m_smegmatis,HINdeR
m_smegmatis,Deadp
m_smegmatis,Taj
m_smegmatis,Estave1
mtb_cdc1551,WIVsmall
mtb_cdc1551,Saal
mtb_f11,WIVsmall
mtb_f11,Saal
mtb_h37ra,WIVsmall
mtb_h37ra,Saal
mtb_h37rv,WIVsmall
mtb_h37rv,Saal
m_gilvum,Myrna
m_intracellulare,Vix
m_intracellulare,Anubis
m_intracellulare,Tiffany
m_intracellulare,MarQuardt
m_intracellulare,Taurus
m_intracellulare,Marie
m_intracellulare,Malinsilva
m_intracellulare,Hercules11
m_intracellulare,Penny1
m_intracellulare,Aglet
m_intracellulare,Severus
m_intracellulare,Jobu08
m_intracellulare,RhynO
m_intracellulare,Trike
m_vaccae,Mufasa
m_avium_ssp_paratuberculosis_MAP,Vincenzo 
m_dioxanotrophicus,HINdeR
m_dioxanotrophicus,Sparky
m_avium_ssp_paratuberculosis_k10,Squirty
m_smegmatis,Qyrzula
m_ulcerans ,WIVsmall
m_gilvum,CaptainTrips
m_gilvum,Ovechkin
m_gilvum,Ardmore
m_gilvum,SG4
m_thermoresistibile,Dylan
m_thermoresistibile,Zakhe101
m_thermoresistibile,Catdawg
m_thermoresistibile,Firecracker
m_vaccae,CaptainTrips
m_vaccae,Ovechkin
m_vaccae,Enkosi
m_vaccae,Ardmore
m_vaccae,SG4
m_avium_ssp_paratuberculosis_MAP,Squirty
m_dioxanotrophicus,Xfactor 
m_dioxanotrophicus,Xfactor  
mtb_haarlem,Squirty
m_microti,Squirty
m_bovis,Squirty
m_africanum,Squirty
m_bovis_bcg,Squirty
m_leprae,Squirty
mtb_cdc1551,Squirty
mtb_f11,Squirty
mtb_h37ra,Squirty
mtb_h37rv,Squirty
m_abscessus,Graduation
m_abscessus,RidgeCB
m_stephanolepidis,Wile
m_vaccae,Wile
m_vaccae,Squirty
mtb_haarlem,Wildcat
m_microti,Wildcat
m_bovis,Wildcat
m_lepraemurium,Wildcat
m_africanum,Wildcat
m_avium,Wildcat
m_avium_ssp_paratuberculosis_k10,Wildcat
m_bovis_bcg,Wildcat
m_leprae,Wildcat
m_smegmatis,Peaches
m_smegmatis,Dhanush
m_smegmatis,BellusTerra
m_smegmatis,Melvin
m_ssp_jls,Wildcat
m_ssp_kms,Wildcat
m_ssp_mcs,Wildcat
mtb_cdc1551,Wildcat
mtb_f11,Wildcat
mtb_h37ra,Wildcat
m_vanbaalenii,CaptainTrips
m_vanbaalenii,Ovechkin
m_vanbaalenii,Ardmore
m_vanbaalenii,SG4
mtb_h37rv,Wildcat
m_abscessus,Enkosi
m_abscessus,TM4
m_vaccae,Wildcat
m_vaccae,Sparky
m_avium_ssp_paratuberculosis_MAP,Wildcat
m_dioxanotrophicus,Peaches
m_dioxanotrophicus,Dhanush
m_dioxanotrophicus,BellusTerra
m_dioxanotrophicus,Melvin
m_marinum,Wildcat
m_smegmatis,LHTSCC
m_smegmatis,Obama12
m_ssp_kms,Sparky
m_ssp_mcs,Sparky
m_ulcerans ,Wildcat
m_liflandii,Wildcat
m_shigaense,Wildcat
m_stephanolepidis,Severus
m_stephanolepidis,RhynO
m_stephanolepidis,Trike
m_fortuitum,Fruitloop
m_dioxanotrophicus,Bipolar
m_dioxanotrophicus,CaptainTrips
m_dioxanotrophicus,Ovechkin
m_dioxanotrophicus,PopTart
m_dioxanotrophicus,Seagreen
m_dioxanotrophicus,Sparkdehlily
m_dioxanotrophicus,Cabrinians
m_dioxanotrophicus,Brocalys
m_dioxanotrophicus,Llij
m_dioxanotrophicus,PMC
m_dioxanotrophicus,Nigel
m_dioxanotrophicus,Boomer 
m_dioxanotrophicus,Fruitloop
m_dioxanotrophicus,Ardmore
m_dioxanotrophicus,Wee
m_dioxanotrophicus,Job42
m_dioxanotrophicus,Bobi
m_dioxanotrophicus,Hamulus 
m_dioxanotrophicus,SG4
m_dioxanotrophicus,Deadp
m_dioxanotrophicus,Taj
m_dioxanotrophicus,BuzzLyseyear
m_dioxanotrophicus,Hades
m_dioxanotrophicus,Cerasum
m_lepraemurium,Bipper
m_avium,Audrey
m_avium,Pipefish
m_avium,Bernardo
m_avium,Bipper
m_avium_ssp_paratuberculosis_k10,Bipper
m_leprae,Bipper
m_marinum,Bipper
m_ulcerans ,Bipper
m_abscessus,Severus
m_abscessus,RhynO
m_abscessus,Trike
m_intracellulare,Bipper
m_liflandii,Bipper
m_shigaense,Bipper
m_avium_ssp_paratuberculosis_MAP,Bipper
m_dioxanotrophicus,Bane2
m_dioxanotrophicus,Bane1
m_dioxanotrophicus,JAMal
m_senegalense,CRB1
m_ulcerans ,Myrna
m_gilvum,Bron
m_liflandii,Myrna
m_stephanolepidis,Brujita
m_stephanolepidis,Island3
m_stephanolepidis,Brusacoram
m_stephanolepidis,Shipwreck
m_stephanolepidis,Fishburne
m_stephanolepidis,Donovan 
m_stephanolepidis,BigNuz
m_stephanolepidis,Babsiella
m_stephanolepidis,Malithi
m_dioxanotrophicus,LHTSCC
m_dioxanotrophicus,Obama12
m_dioxanotrophicus,Cooper
m_dioxanotrophicus,Bron
m_dioxanotrophicus,Adawi
m_dioxanotrophicus,Avani
m_dioxanotrophicus,Estave1
m_dioxanotrophicus,Sbash
m_smegmatis,Bipper
m_ssp_jls,Squirty
m_ssp_jls,Bipper
m_ssp_kms,Squirty
m_ssp_kms,Bipper
m_ssp_mcs,Squirty
m_ssp_mcs,Bipper
m_vanbaalenii,Bipper
m_gilvum,Bipper
m_abscessus,Bipper
m_intracellulare,Wildcat
m_fortuitum,Bipper
m_vaccae,Bipper
m_dioxanotrophicus,Florinda
m_dioxanotrophicus,Girafales
m_dioxanotrophicus,Quico
m_dioxanotrophicus,Stinger 
m_dioxanotrophicus,Bipper
m_senegalense,Bipper
m_chelonae,Gengar
m_chelonae,Gengar 
m_ssp_jls,Akoma
m_ssp_jls,Gadjet
m_abscessus,32HC
m_abscessus,Hades
m_stephanolepidis,Bipolar
m_stephanolepidis,Phayonce
m_stephanolepidis,Bipper
m_dioxanotrophicus,Squirty
m_marinum,Babsiella
m_ssp_jls,Bron
m_ssp_kms,Bron
m_ssp_mcs,Bron
m_ulcerans ,Babsiella
m_abscessus,Redi
m_liflandii,Babsiella
mtb_c,Eagle
mtb_c,Vix
mtb_c,LHTSCC
mtb_c,Medusa
mtb_c,Anubis
mtb_c,BellusTerra
mtb_c,Melvin
mtb_c,Obama12
mtb_c,Equemioh13
mtb_c,Tiffany
mtb_c,Piro94
mtb_c,MarQuardt
mtb_c,SweetiePie
mtb_c,Larenn
mtb_c,Taurus
mtb_c,Marie
mtb_c,Malinsilva
mtb_c,Hercules11
mtb_c,EvilGenius
mtb_c,ChipMunk
mtb_c,Penny1
mtb_c,Aglet
mtb_c,Pukovnik
mtb_c,Jobu08
mtb_c,Turbido
mtb_c,Trixie
mtb_c,Kampy
mtb_c,Phantastic
mtb_haarlem,Eagle
mtb_haarlem,Vix
mtb_haarlem,LHTSCC
mtb_haarlem,Medusa
mtb_haarlem,Anubis
mtb_haarlem,BellusTerra
mtb_haarlem,Melvin
mtb_haarlem,Obama12
mtb_haarlem,Equemioh13
mtb_haarlem,Tiffany
mtb_haarlem,Piro94
mtb_haarlem,MarQuardt
mtb_haarlem,SweetiePie
mtb_haarlem,Larenn
mtb_haarlem,Taurus
mtb_haarlem,Marie
mtb_haarlem,Malinsilva
mtb_haarlem,Hercules11
mtb_haarlem,EvilGenius
mtb_haarlem,ChipMunk
mtb_haarlem,Penny1
mtb_haarlem,Aglet
mtb_haarlem,Pukovnik
mtb_haarlem,Jobu08
mtb_haarlem,Turbido
mtb_haarlem,Trixie
mtb_haarlem,Kampy
mtb_haarlem,Phantastic
m_microti,Eagle
m_microti,Vix
m_microti,LHTSCC
m_microti,Medusa
m_microti,Anubis
m_microti,BellusTerra
m_microti,Melvin
m_microti,Obama12
m_microti,Equemioh13
m_microti,Tiffany
m_microti,Piro94
m_microti,MarQuardt
m_microti,SweetiePie
m_microti,Larenn
m_microti,Taurus
m_microti,Marie
m_microti,Malinsilva
m_microti,Hercules11
m_microti,EvilGenius
m_microti,ChipMunk
m_microti,Penny1
m_microti,Aglet
m_microti,Pukovnik
m_microti,Jobu08
m_microti,Turbido
m_microti,Trixie
m_microti,Kampy
m_microti,Phantastic
m_bovis,Eagle
m_bovis,Vix
m_bovis,LHTSCC
m_bovis,Medusa
m_bovis,Anubis
m_bovis,BellusTerra
m_bovis,Melvin
m_bovis,Obama12
m_bovis,Equemioh13
m_bovis,Tiffany
m_bovis,Piro94
m_bovis,MarQuardt
m_bovis,SweetiePie
m_bovis,Larenn
m_bovis,Taurus
m_bovis,Marie
m_bovis,Malinsilva
m_bovis,Hercules11
m_bovis,EvilGenius
m_bovis,ChipMunk
m_bovis,Penny1
m_bovis,Aglet
m_bovis,Pukovnik
m_bovis,Jobu08
m_bovis,Turbido
m_bovis,Trixie
m_bovis,Kampy
m_bovis,Phantastic
m_lepraemurium,Chy5
m_lepraemurium,Chy4
m_africanum,Eagle
m_africanum,Vix
m_africanum,LHTSCC
m_africanum,Medusa
m_africanum,Anubis
m_africanum,BellusTerra
m_africanum,Melvin
m_africanum,Obama12
m_africanum,Equemioh13
m_africanum,Tiffany
m_africanum,Piro94
m_africanum,MarQuardt
m_africanum,SweetiePie
m_africanum,Larenn
m_africanum,Taurus
m_africanum,Marie
m_africanum,Malinsilva
m_africanum,Hercules11
m_africanum,EvilGenius
m_africanum,ChipMunk
m_africanum,Penny1
m_africanum,Aglet
m_africanum,Pukovnik
m_africanum,Jobu08
m_africanum,Turbido
m_africanum,Trixie
m_africanum,Kampy
m_africanum,Phantastic
m_avium,Chy5
m_avium,Chy4
m_avium_ssp_paratuberculosis_k10,Chy5
m_avium_ssp_paratuberculosis_k10,Chy4
m_bovis_bcg,Eagle
m_bovis_bcg,Vix
m_bovis_bcg,LHTSCC
m_bovis_bcg,Medusa
m_bovis_bcg,Anubis
m_bovis_bcg,BellusTerra
m_bovis_bcg,Melvin
m_bovis_bcg,Obama12
m_bovis_bcg,Equemioh13
m_bovis_bcg,Tiffany
m_bovis_bcg,Piro94
m_bovis_bcg,MarQuardt
m_bovis_bcg,SweetiePie
m_bovis_bcg,Larenn
m_bovis_bcg,Taurus
m_bovis_bcg,Marie
m_bovis_bcg,Malinsilva
m_bovis_bcg,Hercules11
m_bovis_bcg,EvilGenius
m_bovis_bcg,ChipMunk
m_bovis_bcg,Penny1
m_bovis_bcg,Aglet
m_bovis_bcg,Pukovnik
m_bovis_bcg,Jobu08
m_bovis_bcg,Turbido
m_bovis_bcg,Trixie
m_bovis_bcg,Kampy
m_bovis_bcg,Phantastic
m_marinum,Barnyard
m_smegmatis,Brujita
m_smegmatis,Island3
m_smegmatis,Brusacoram
m_smegmatis,Shipwreck
m_smegmatis,Fishburne
m_smegmatis,Chy5
m_smegmatis,Chy4
m_smegmatis,Donovan 
m_smegmatis,32HC
m_smegmatis,BigNuz
m_smegmatis,Babsiella
m_smegmatis,Malithi
m_ssp_jls,Rosebush
m_ssp_jls,Qyrzula
m_ssp_jls,Myrna
mtb_cdc1551,Eagle
mtb_cdc1551,Vix
mtb_cdc1551,LHTSCC
mtb_cdc1551,Medusa
mtb_cdc1551,Anubis
mtb_cdc1551,BellusTerra
mtb_cdc1551,Melvin
mtb_cdc1551,Obama12
mtb_cdc1551,Equemioh13
mtb_cdc1551,Tiffany
mtb_cdc1551,Piro94
mtb_cdc1551,MarQuardt
mtb_cdc1551,SweetiePie
mtb_cdc1551,Larenn
mtb_cdc1551,Taurus
mtb_cdc1551,Marie
mtb_cdc1551,Malinsilva
mtb_cdc1551,Hercules11
mtb_cdc1551,EvilGenius
mtb_cdc1551,ChipMunk
mtb_cdc1551,Penny1
mtb_cdc1551,Aglet
mtb_cdc1551,Pukovnik
mtb_cdc1551,Jobu08
mtb_cdc1551,Turbido
mtb_cdc1551,Trixie
mtb_cdc1551,Kampy
mtb_cdc1551,Phantastic
mtb_f11,Eagle
mtb_f11,Vix
mtb_f11,LHTSCC
mtb_f11,Medusa
mtb_f11,Anubis
mtb_f11,BellusTerra
mtb_f11,Melvin
mtb_f11,Obama12
mtb_f11,Equemioh13
mtb_f11,Tiffany
mtb_f11,Piro94
mtb_f11,MarQuardt
mtb_f11,SweetiePie
mtb_f11,Larenn
mtb_f11,Taurus
mtb_f11,Marie
mtb_f11,Malinsilva
mtb_f11,Hercules11
mtb_f11,EvilGenius
mtb_f11,ChipMunk
mtb_f11,Penny1
mtb_f11,Aglet
mtb_f11,Pukovnik
mtb_f11,Jobu08
mtb_f11,Turbido
mtb_f11,Trixie
mtb_f11,Kampy
mtb_f11,Phantastic
mtb_h37ra,Eagle
mtb_h37ra,Vix
mtb_h37ra,LHTSCC
mtb_h37ra,Medusa
mtb_h37ra,Anubis
mtb_h37ra,BellusTerra
mtb_h37ra,Melvin
mtb_h37ra,Obama12
mtb_h37ra,Equemioh13
mtb_h37ra,Tiffany
mtb_h37ra,Piro94
mtb_h37ra,MarQuardt
mtb_h37ra,SweetiePie
mtb_h37ra,Larenn
mtb_h37ra,Taurus
mtb_h37ra,Marie
mtb_h37ra,Malinsilva
mtb_h37ra,Hercules11
mtb_h37ra,EvilGenius
mtb_h37ra,ChipMunk
mtb_h37ra,Penny1
mtb_h37ra,Aglet
mtb_h37ra,Pukovnik
mtb_h37ra,Jobu08
mtb_h37ra,Turbido
mtb_h37ra,Trixie
mtb_h37ra,Kampy
mtb_h37ra,Phantastic
m_ulcerans ,Barnyard
mtb_h37rv,Eagle
mtb_h37rv,Vix
mtb_h37rv,LHTSCC
mtb_h37rv,Medusa
mtb_h37rv,Anubis
mtb_h37rv,BellusTerra
mtb_h37rv,Melvin
mtb_h37rv,Obama12
mtb_h37rv,Equemioh13
mtb_h37rv,Tiffany
mtb_h37rv,Piro94
mtb_h37rv,MarQuardt
mtb_h37rv,SweetiePie
mtb_h37rv,Larenn
mtb_h37rv,Taurus
mtb_h37rv,Marie
mtb_h37rv,Malinsilva
mtb_h37rv,Hercules11
mtb_h37rv,EvilGenius
mtb_h37rv,ChipMunk
mtb_h37rv,Penny1
mtb_h37rv,Aglet
mtb_h37rv,Pukovnik
mtb_h37rv,Jobu08
mtb_h37rv,Turbido
mtb_h37rv,Trixie
mtb_h37rv,Kampy
mtb_h37rv,Phantastic
m_abscessus,Melvin
m_abscessus,Turbido
m_intracellulare,Chy5
m_intracellulare,Chy4
m_liflandii,Barnyard
m_shigaense,Chy5
m_shigaense,Chy4
m_stephanolepidis,Melvin
m_stephanolepidis,CaptainTrips
m_stephanolepidis,Ovechkin
m_stephanolepidis,Xfactor 
m_stephanolepidis,Brocalys
m_stephanolepidis,Fruitloop
m_stephanolepidis,Saal
m_stephanolepidis,SG4
m_stephanolepidis,Turbido
m_stephanolepidis,Cerasum
m_stephanolepidis,Xfactor  
m_phlei,Eagle
m_phlei,Vix
m_phlei,LHTSCC
m_phlei,Medusa
m_phlei,Anubis
m_phlei,BellusTerra
m_phlei,Obama12
m_phlei,Equemioh13
m_phlei,Tiffany
m_phlei,Piro94
m_phlei,MarQuardt
m_phlei,SweetiePie
m_phlei,Larenn
m_phlei,Taurus
m_phlei,Marie
m_phlei,Malinsilva
m_phlei,Hercules11
m_phlei,EvilGenius
m_phlei,ChipMunk
m_phlei,Penny1
m_phlei,Aglet
m_phlei,Pukovnik
m_phlei,Jobu08
m_phlei,Trixie
m_phlei,Kampy
m_phlei,Phantastic
m_avium_ssp_paratuberculosis_MAP,Chy5
m_avium_ssp_paratuberculosis_MAP,Chy4
mtb_c,Bactobuster
mtb_c,SWU1
mtb_haarlem,Bactobuster
mtb_haarlem,SWU1
m_microti,Bactobuster
m_microti,SWU1
m_bovis,Bactobuster
m_bovis,SWU1
m_africanum,Bactobuster
m_africanum,SWU1
m_bovis_bcg,Bactobuster
m_bovis_bcg,SWU1
m_leprae,Brujita
m_leprae,Island3
m_leprae,Brusacoram
m_leprae,Shipwreck
m_leprae,Fishburne
m_leprae,Donovan 
m_leprae,BigNuz
m_leprae,Babsiella
m_leprae,Malithi
m_marinum,Chy5
m_marinum,Chy4
m_ssp_jls,Chy5
m_ssp_jls,Chy4
m_ssp_jls,32HC
m_ssp_kms,Chy5
m_ssp_kms,Chy4
m_ssp_kms,32HC
m_ssp_mcs,Chy5
m_ssp_mcs,Chy4
m_ssp_mcs,32HC
mtb_cdc1551,Bactobuster
mtb_cdc1551,SWU1
mtb_f11,Bactobuster
mtb_f11,SWU1
mtb_h37ra,Bactobuster
mtb_h37ra,SWU1
m_ulcerans ,Chy5
m_ulcerans ,Chy4
m_vanbaalenii,Brujita
m_vanbaalenii,Island3
m_vanbaalenii,Brusacoram
m_vanbaalenii,Shipwreck
m_vanbaalenii,Giles
m_vanbaalenii,Fishburne
m_vanbaalenii,Chy5
m_vanbaalenii,Chy4
m_vanbaalenii,Donovan 
m_vanbaalenii,BigNuz
m_vanbaalenii,Babsiella
m_vanbaalenii,Malithi
mtb_h37rv,Bactobuster
mtb_h37rv,SWU1
m_gilvum,Chy5
m_gilvum,Chy4
m_gilvum,32HC
m_intracellulare,Giles
m_liflandii,Chy5
m_liflandii,Chy4
m_shigaense,Brujita
m_shigaense,Island3
m_shigaense,Brusacoram
m_shigaense,Shipwreck
m_shigaense,Fishburne
m_shigaense,Donovan 
m_shigaense,BigNuz
m_shigaense,Babsiella
m_shigaense,Malithi
m_stephanolepidis,Eagle
m_stephanolepidis,Vix
m_stephanolepidis,LHTSCC
m_stephanolepidis,Medusa
m_stephanolepidis,Anubis
m_stephanolepidis,BellusTerra
m_stephanolepidis,Obama12
m_stephanolepidis,Equemioh13
m_stephanolepidis,Tiffany
m_stephanolepidis,Piro94
m_stephanolepidis,MarQuardt
m_stephanolepidis,SweetiePie
m_stephanolepidis,Larenn
m_stephanolepidis,Taurus
m_stephanolepidis,Marie
m_stephanolepidis,Malinsilva
m_stephanolepidis,Hercules11
m_stephanolepidis,EvilGenius
m_stephanolepidis,ChipMunk
m_stephanolepidis,Penny1
m_stephanolepidis,Aglet
m_stephanolepidis,Pukovnik
m_stephanolepidis,Jobu08
m_stephanolepidis,32HC
m_stephanolepidis,Trixie
m_stephanolepidis,Kampy
m_stephanolepidis,Phantastic
m_fortuitum,Chy5
m_fortuitum,Chy4
m_fortuitum,32HC
m_vaccae,Brujita
m_vaccae,Island3
m_vaccae,Brusacoram
m_vaccae,Shipwreck
m_vaccae,Bron
m_vaccae,Fishburne
m_vaccae,Chy5
m_vaccae,Chy4
m_vaccae,Donovan 
m_vaccae,32HC
m_vaccae,BigNuz
m_vaccae,Babsiella
m_vaccae,Malithi
m_phlei,Melvin
m_phlei,Bactobuster
m_phlei,Giles
m_phlei,SWU1
m_phlei,32HC
m_phlei,Turbido
m_phlei,Wile
m_dioxanotrophicus,Chy5
m_dioxanotrophicus,Chy4
m_neoaurum,32HC
m_senegalense,Giles
mtb_c,Che12
mtb_c,Adzzy
mtb_haarlem,Che12
mtb_haarlem,Adzzy
m_microti,Che12
m_microti,Adzzy
m_bovis,Che12
m_bovis,Adzzy
m_africanum,Che12
m_africanum,Adzzy
m_avium,Redi
m_bovis_bcg,Che12
m_bovis_bcg,Adzzy
m_marinum,Ariel
m_marinum,MiaZeal 
m_marinum,Courthouse
m_marinum,Miazeal
m_smegmatis,Phayonce
m_smegmatis,Redi
mtb_cdc1551,Che12
mtb_cdc1551,Adzzy
mtb_f11,Che12
mtb_f11,Adzzy
mtb_h37ra,Che12
mtb_h37ra,Adzzy
m_ulcerans ,Ariel
m_ulcerans ,MiaZeal 
m_ulcerans ,Courthouse
m_ulcerans ,Miazeal
mtb_h37rv,Che12
mtb_h37rv,Adzzy
m_gilvum,Ariel
m_gilvum,MiaZeal 
m_gilvum,Courthouse
m_gilvum,Miazeal
m_abscessus,Eagle
m_abscessus,Vix
m_abscessus,LHTSCC
m_abscessus,Medusa
m_abscessus,Anubis
m_abscessus,BellusTerra
m_abscessus,Obama12
m_abscessus,Equemioh13
m_abscessus,Tiffany
m_abscessus,Piro94
m_abscessus,MarQuardt
m_abscessus,Ariel
m_abscessus,SweetiePie
m_abscessus,Larenn
m_abscessus,MiaZeal 
m_abscessus,Taurus
m_abscessus,ShedlockHolmes
m_abscessus,Sparkdehlily
m_abscessus,Cabrinians
m_abscessus,Marie
m_abscessus,Malinsilva
m_abscessus,Hercules11
m_abscessus,EvilGenius
m_abscessus,ChipMunk
m_abscessus,Penny1
m_abscessus,Aglet
m_abscessus,Pukovnik
m_abscessus,SWU1
m_abscessus,Jobu08
m_abscessus,Courthouse
m_abscessus,Trixie
m_abscessus,Kampy
m_abscessus,Phantastic
m_abscessus,Keshu
m_abscessus,Miazeal
m_intracellulare,Ariel
m_intracellulare,MiaZeal 
m_intracellulare,Courthouse
m_intracellulare,Miazeal
m_liflandii,Ariel
m_liflandii,MiaZeal 
m_liflandii,Courthouse
m_liflandii,Miazeal
m_shigaense,Ariel
m_shigaense,MiaZeal 
m_shigaense,Courthouse
m_shigaense,Miazeal
m_stephanolepidis,Ariel
m_stephanolepidis,MiaZeal 
m_stephanolepidis,ShedlockHolmes
m_stephanolepidis,Bactobuster
m_stephanolepidis,SWU1
m_stephanolepidis,Courthouse
m_stephanolepidis,Keshu
m_stephanolepidis,Miazeal
m_phlei,Che12
m_phlei,Adzzy
m_dioxanotrophicus,Ariel
m_dioxanotrophicus,MiaZeal 
m_dioxanotrophicus,Vincenzo 
m_dioxanotrophicus,Giles
m_dioxanotrophicus,Courthouse
m_dioxanotrophicus,Miazeal
mtb_c,Chy5
mtb_c,Chy4
mtb_c,Sbash
mtb_haarlem,Chy5
mtb_haarlem,Chy4
mtb_haarlem,Sbash
m_microti,Chy5
m_microti,Chy4
m_microti,Sbash
m_bovis,Chy5
m_bovis,Chy4
m_bovis,Sbash
m_lepraemurium,Eagle
m_lepraemurium,Vix
m_lepraemurium,LHTSCC
m_lepraemurium,Medusa
m_lepraemurium,Anubis
m_lepraemurium,BellusTerra
m_lepraemurium,Melvin
m_lepraemurium,Obama12
m_lepraemurium,Equemioh13
m_lepraemurium,Tiffany
m_lepraemurium,Piro94
m_lepraemurium,MarQuardt
m_lepraemurium,SweetiePie
m_lepraemurium,Larenn
m_lepraemurium,Taurus
m_lepraemurium,Marie
m_lepraemurium,Malinsilva
m_lepraemurium,Hercules11
m_lepraemurium,EvilGenius
m_lepraemurium,ChipMunk
m_lepraemurium,Penny1
m_lepraemurium,Aglet
m_lepraemurium,Pukovnik
m_lepraemurium,Jobu08
m_lepraemurium,Turbido
m_lepraemurium,Trixie
m_lepraemurium,Kampy
m_lepraemurium,Phantastic
m_africanum,Chy5
m_africanum,Chy4
m_africanum,Sbash
m_avium,Eagle
m_avium,Vix
m_avium,LHTSCC
m_avium,Medusa
m_avium,Anubis
m_avium,BellusTerra
m_avium,Melvin
m_avium,Obama12
m_avium,Equemioh13
m_avium,Tiffany
m_avium,Piro94
m_avium,MarQuardt
m_avium,SweetiePie
m_avium,Larenn
m_avium,Taurus
m_avium,Marie
m_avium,Malinsilva
m_avium,Hercules11
m_avium,EvilGenius
m_avium,ChipMunk
m_avium,Penny1
m_avium,Aglet
m_avium,Pukovnik
m_avium,Jobu08
m_avium,32HC
m_avium,Turbido
m_avium,Trixie
m_avium,Kampy
m_avium,Phantastic
m_avium_ssp_paratuberculosis_k10,Eagle
m_avium_ssp_paratuberculosis_k10,Vix
m_avium_ssp_paratuberculosis_k10,LHTSCC
m_avium_ssp_paratuberculosis_k10,Medusa
m_avium_ssp_paratuberculosis_k10,Anubis
m_avium_ssp_paratuberculosis_k10,BellusTerra
m_avium_ssp_paratuberculosis_k10,Melvin
m_avium_ssp_paratuberculosis_k10,Obama12
m_avium_ssp_paratuberculosis_k10,Equemioh13
m_avium_ssp_paratuberculosis_k10,Tiffany
m_avium_ssp_paratuberculosis_k10,Piro94
m_avium_ssp_paratuberculosis_k10,MarQuardt
m_avium_ssp_paratuberculosis_k10,SweetiePie
m_avium_ssp_paratuberculosis_k10,Larenn
m_avium_ssp_paratuberculosis_k10,Taurus
m_avium_ssp_paratuberculosis_k10,Marie
m_avium_ssp_paratuberculosis_k10,Malinsilva
m_avium_ssp_paratuberculosis_k10,Hercules11
m_avium_ssp_paratuberculosis_k10,EvilGenius
m_avium_ssp_paratuberculosis_k10,ChipMunk
m_avium_ssp_paratuberculosis_k10,Penny1
m_avium_ssp_paratuberculosis_k10,Aglet
m_avium_ssp_paratuberculosis_k10,Pukovnik
m_avium_ssp_paratuberculosis_k10,Jobu08
m_avium_ssp_paratuberculosis_k10,Turbido
m_avium_ssp_paratuberculosis_k10,Trixie
m_avium_ssp_paratuberculosis_k10,Kampy
m_avium_ssp_paratuberculosis_k10,Phantastic
m_bovis_bcg,Chy5
m_bovis_bcg,Chy4
m_bovis_bcg,Sbash
m_leprae,Phayonce
m_marinum,Melvin
m_marinum,Giles
m_marinum,Turbido
m_smegmatis,Eagle
m_smegmatis,Vix
m_smegmatis,Medusa
m_smegmatis,Anubis
m_smegmatis,Equemioh13
m_smegmatis,Tiffany
m_smegmatis,Piro94
m_smegmatis,MarQuardt
m_smegmatis,SweetiePie
m_smegmatis,Larenn
m_smegmatis,Taurus
m_smegmatis,Marie
m_smegmatis,Malinsilva
m_smegmatis,Hercules11
m_smegmatis,EvilGenius
m_smegmatis,ChipMunk
m_smegmatis,Penny1
m_smegmatis,Aglet
m_smegmatis,Pukovnik
m_smegmatis,Jobu08
m_smegmatis,Turbido
m_smegmatis,Trixie
m_smegmatis,Kampy
m_smegmatis,Phantastic
m_ssp_jls,Melvin
m_ssp_jls,Giles
m_ssp_jls,Acadian
m_ssp_jls,Turbido
m_ssp_kms,Melvin
m_ssp_kms,Giles
m_ssp_kms,Turbido
m_ssp_mcs,Melvin
m_ssp_mcs,Giles
m_ssp_mcs,Turbido
mtb_cdc1551,Chy5
mtb_cdc1551,Chy4
mtb_cdc1551,Sbash
mtb_f11,Chy5
mtb_f11,Chy4
mtb_f11,Sbash
mtb_h37ra,Chy5
mtb_h37ra,Chy4
mtb_h37ra,Sbash
m_ulcerans ,Melvin
m_ulcerans ,Giles
m_ulcerans ,Turbido
m_vanbaalenii,Melvin
m_vanbaalenii,Phayonce
m_vanbaalenii,Turbido
mtb_h37rv,Chy5
mtb_h37rv,Chy4
mtb_h37rv,Sbash
m_gilvum,Melvin
m_gilvum,Turbido
m_abscessus,Bactobuster
m_abscessus,Che12
m_abscessus,Adzzy
m_abscessus,DS6A
m_intracellulare,Eagle
m_intracellulare,LHTSCC
m_intracellulare,Medusa
m_intracellulare,BellusTerra
m_intracellulare,Melvin
m_intracellulare,Obama12
m_intracellulare,Equemioh13
m_intracellulare,Piro94
m_intracellulare,SweetiePie
m_intracellulare,Larenn
m_intracellulare,EvilGenius
m_intracellulare,ChipMunk
m_intracellulare,Pukovnik
m_intracellulare,Turbido
m_intracellulare,Trixie
m_intracellulare,Kampy
m_intracellulare,Phantastic
m_liflandii,Melvin
m_liflandii,Giles
m_liflandii,Turbido
m_shigaense,Eagle
m_shigaense,Vix
m_shigaense,LHTSCC
m_shigaense,Medusa
m_shigaense,Anubis
m_shigaense,BellusTerra
m_shigaense,Melvin
m_shigaense,Obama12
m_shigaense,Equemioh13
m_shigaense,Tiffany
m_shigaense,Piro94
m_shigaense,MarQuardt
m_shigaense,SweetiePie
m_shigaense,Larenn
m_shigaense,Taurus
m_shigaense,Phayonce
m_shigaense,Marie
m_shigaense,Malinsilva
m_shigaense,Hercules11
m_shigaense,EvilGenius
m_shigaense,ChipMunk
m_shigaense,Penny1
m_shigaense,Aglet
m_shigaense,Pukovnik
m_shigaense,Jobu08
m_shigaense,Turbido
m_shigaense,Trixie
m_shigaense,Kampy
m_shigaense,Phantastic
m_stephanolepidis,Sparkdehlily
m_stephanolepidis,Che12
m_stephanolepidis,Adzzy
m_fortuitum,Melvin
m_fortuitum,Turbido
m_vaccae,Melvin
m_vaccae,Phayonce
m_vaccae,Turbido
m_phlei,Chy5
m_phlei,Chy4
m_avium_ssp_paratuberculosis_MAP,Eagle
m_avium_ssp_paratuberculosis_MAP,Vix
m_avium_ssp_paratuberculosis_MAP,LHTSCC
m_avium_ssp_paratuberculosis_MAP,Medusa
m_avium_ssp_paratuberculosis_MAP,Anubis
m_avium_ssp_paratuberculosis_MAP,BellusTerra
m_avium_ssp_paratuberculosis_MAP,Melvin
m_avium_ssp_paratuberculosis_MAP,Obama12
m_avium_ssp_paratuberculosis_MAP,Equemioh13
m_avium_ssp_paratuberculosis_MAP,Tiffany
m_avium_ssp_paratuberculosis_MAP,Piro94
m_avium_ssp_paratuberculosis_MAP,MarQuardt
m_avium_ssp_paratuberculosis_MAP,SweetiePie
m_avium_ssp_paratuberculosis_MAP,Larenn
m_avium_ssp_paratuberculosis_MAP,Taurus
m_avium_ssp_paratuberculosis_MAP,Marie
m_avium_ssp_paratuberculosis_MAP,Malinsilva
m_avium_ssp_paratuberculosis_MAP,Hercules11
m_avium_ssp_paratuberculosis_MAP,EvilGenius
m_avium_ssp_paratuberculosis_MAP,ChipMunk
m_avium_ssp_paratuberculosis_MAP,Penny1
m_avium_ssp_paratuberculosis_MAP,Aglet
m_avium_ssp_paratuberculosis_MAP,Pukovnik
m_avium_ssp_paratuberculosis_MAP,Jobu08
m_avium_ssp_paratuberculosis_MAP,Turbido
m_avium_ssp_paratuberculosis_MAP,Trixie
m_avium_ssp_paratuberculosis_MAP,Kampy
m_avium_ssp_paratuberculosis_MAP,Phantastic
m_dioxanotrophicus,Turbido
mtb_c,Giles
mtb_c,Dori
mtb_haarlem,Giles
mtb_haarlem,Dori
m_microti,Giles
m_microti,Dori
m_bovis,Giles
m_bovis,Dori
m_lepraemurium,Bactobuster
m_lepraemurium,SWU1
m_africanum,Giles
m_africanum,Dori
m_avium,Bactobuster
m_avium,Giles
m_avium,SWU1
m_avium_ssp_paratuberculosis_k10,Bactobuster
m_avium_ssp_paratuberculosis_k10,Giles
m_avium_ssp_paratuberculosis_k10,SWU1
m_bovis_bcg,Giles
m_bovis_bcg,Dori
m_leprae,Giles
m_marinum,Eagle
m_marinum,Vix
m_marinum,LHTSCC
m_marinum,Medusa
m_marinum,Anubis
m_marinum,BellusTerra
m_marinum,Obama12
m_marinum,Equemioh13
m_marinum,Tiffany
m_marinum,Piro94
m_marinum,MarQuardt
m_marinum,SweetiePie
m_marinum,Larenn
m_marinum,Taurus
m_marinum,Marie
m_marinum,Malinsilva
m_marinum,Hercules11
m_marinum,EvilGenius
m_marinum,ChipMunk
m_marinum,Penny1
m_marinum,Aglet
m_marinum,Pukovnik
m_marinum,Jobu08
m_marinum,Trixie
m_marinum,Kampy
m_marinum,Phantastic
m_smegmatis,Bactobuster
m_smegmatis,Giles
m_smegmatis,SWU1
m_ssp_jls,Eagle
m_ssp_jls,Vix
m_ssp_jls,LHTSCC
m_ssp_jls,Medusa
m_ssp_jls,Anubis
m_ssp_jls,BellusTerra
m_ssp_jls,Obama12
m_ssp_jls,Equemioh13
m_ssp_jls,Tiffany
m_ssp_jls,Piro94
m_ssp_jls,MarQuardt
m_ssp_jls,SweetiePie
m_ssp_jls,Larenn
m_ssp_jls,Taurus
m_ssp_jls,Sparkdehlily
m_ssp_jls,Marie
m_ssp_jls,Malinsilva
m_ssp_jls,Hercules11
m_ssp_jls,EvilGenius
m_ssp_jls,ChipMunk
m_ssp_jls,Penny1
m_ssp_jls,Aglet
m_ssp_jls,Pukovnik
m_ssp_jls,Jobu08
m_ssp_jls,Trixie
m_ssp_jls,Kampy
m_ssp_jls,Phantastic
m_ssp_kms,Eagle
m_ssp_kms,Vix
m_ssp_kms,LHTSCC
m_ssp_kms,Medusa
m_ssp_kms,Anubis
m_ssp_kms,BellusTerra
m_ssp_kms,Obama12
m_ssp_kms,Equemioh13
m_ssp_kms,Tiffany
m_ssp_kms,Piro94
m_ssp_kms,MarQuardt
m_ssp_kms,SweetiePie
m_ssp_kms,Larenn
m_ssp_kms,Taurus
m_ssp_kms,Marie
m_ssp_kms,Malinsilva
m_ssp_kms,Hercules11
m_ssp_kms,EvilGenius
m_ssp_kms,ChipMunk
m_ssp_kms,Penny1
m_ssp_kms,Aglet
m_ssp_kms,Pukovnik
m_ssp_kms,Jobu08
m_ssp_kms,Trixie
m_ssp_kms,Kampy
m_ssp_kms,Phantastic
m_ssp_mcs,Eagle
m_ssp_mcs,Vix
m_ssp_mcs,LHTSCC
m_ssp_mcs,Medusa
m_ssp_mcs,Anubis
m_ssp_mcs,BellusTerra
m_ssp_mcs,Obama12
m_ssp_mcs,Equemioh13
m_ssp_mcs,Tiffany
m_ssp_mcs,Piro94
m_ssp_mcs,MarQuardt
m_ssp_mcs,SweetiePie
m_ssp_mcs,Larenn
m_ssp_mcs,Taurus
m_ssp_mcs,Marie
m_ssp_mcs,Malinsilva
m_ssp_mcs,Hercules11
m_ssp_mcs,EvilGenius
m_ssp_mcs,ChipMunk
m_ssp_mcs,Penny1
m_ssp_mcs,Aglet
m_ssp_mcs,Pukovnik
m_ssp_mcs,Jobu08
m_ssp_mcs,Trixie
m_ssp_mcs,Kampy
m_ssp_mcs,Phantastic
mtb_cdc1551,Giles
mtb_cdc1551,Dori
mtb_f11,Giles
mtb_f11,Dori
mtb_h37ra,Giles
mtb_h37ra,Dori
m_ulcerans ,Eagle
m_ulcerans ,Vix
m_ulcerans ,LHTSCC
m_ulcerans ,Medusa
m_ulcerans ,Anubis
m_ulcerans ,BellusTerra
m_ulcerans ,Obama12
m_ulcerans ,Equemioh13
m_ulcerans ,Tiffany
m_ulcerans ,Piro94
m_ulcerans ,MarQuardt
m_ulcerans ,SweetiePie
m_ulcerans ,Larenn
m_ulcerans ,Taurus
m_ulcerans ,Marie
m_ulcerans ,Malinsilva
m_ulcerans ,Hercules11
m_ulcerans ,EvilGenius
m_ulcerans ,ChipMunk
m_ulcerans ,Penny1
m_ulcerans ,Aglet
m_ulcerans ,Pukovnik
m_ulcerans ,Jobu08
m_ulcerans ,Trixie
m_ulcerans ,Kampy
m_ulcerans ,Phantastic
m_vanbaalenii,Eagle
m_vanbaalenii,Vix
m_vanbaalenii,LHTSCC
m_vanbaalenii,Medusa
m_vanbaalenii,Anubis
m_vanbaalenii,BellusTerra
m_vanbaalenii,Obama12
m_vanbaalenii,Equemioh13
m_vanbaalenii,Tiffany
m_vanbaalenii,Piro94
m_vanbaalenii,MarQuardt
m_vanbaalenii,SweetiePie
m_vanbaalenii,Larenn
m_vanbaalenii,Taurus
m_vanbaalenii,Marie
m_vanbaalenii,Malinsilva
m_vanbaalenii,Hercules11
m_vanbaalenii,EvilGenius
m_vanbaalenii,ChipMunk
m_vanbaalenii,Penny1
m_vanbaalenii,Aglet
m_vanbaalenii,Pukovnik
m_vanbaalenii,Jobu08
m_vanbaalenii,Trixie
m_vanbaalenii,Kampy
m_vanbaalenii,Phantastic
mtb_h37rv,Giles
mtb_h37rv,Dori
m_gilvum,Eagle
m_gilvum,Vix
m_gilvum,LHTSCC
m_gilvum,Medusa
m_gilvum,Anubis
m_gilvum,BellusTerra
m_gilvum,Obama12
m_gilvum,Equemioh13
m_gilvum,Tiffany
m_gilvum,Piro94
m_gilvum,MarQuardt
m_gilvum,SweetiePie
m_gilvum,Larenn
m_gilvum,Taurus
m_gilvum,Marie
m_gilvum,Malinsilva
m_gilvum,Hercules11
m_gilvum,EvilGenius
m_gilvum,ChipMunk
m_gilvum,Penny1
m_gilvum,Aglet
m_gilvum,Pukovnik
m_gilvum,Jobu08
m_gilvum,Trixie
m_gilvum,Kampy
m_gilvum,Phantastic
m_intracellulare,Bactobuster
m_intracellulare,SWU1
m_liflandii,Eagle
m_liflandii,Vix
m_liflandii,LHTSCC
m_liflandii,Medusa
m_liflandii,Anubis
m_liflandii,BellusTerra
m_liflandii,Obama12
m_liflandii,Equemioh13
m_liflandii,Tiffany
m_liflandii,Piro94
m_liflandii,MarQuardt
m_liflandii,SweetiePie
m_liflandii,Larenn
m_liflandii,Taurus
m_liflandii,Marie
m_liflandii,Malinsilva
m_liflandii,Hercules11
m_liflandii,EvilGenius
m_liflandii,ChipMunk
m_liflandii,Penny1
m_liflandii,Aglet
m_liflandii,Pukovnik
m_liflandii,Jobu08
m_liflandii,Trixie
m_liflandii,Kampy
m_liflandii,Phantastic
m_shigaense,Bactobuster
m_shigaense,SWU1
m_stephanolepidis,Giles
m_stephanolepidis,Redi
m_stephanolepidis,DS6A
m_fortuitum,Eagle
m_fortuitum,Vix
m_fortuitum,LHTSCC
m_fortuitum,Medusa
m_fortuitum,Anubis
m_fortuitum,BellusTerra
m_fortuitum,Obama12
m_fortuitum,Equemioh13
m_fortuitum,Tiffany
m_fortuitum,Piro94
m_fortuitum,MarQuardt
m_fortuitum,SweetiePie
m_fortuitum,Larenn
m_fortuitum,Taurus
m_fortuitum,Marie
m_fortuitum,Malinsilva
m_fortuitum,Hercules11
m_fortuitum,EvilGenius
m_fortuitum,ChipMunk
m_fortuitum,Penny1
m_fortuitum,Aglet
m_fortuitum,Pukovnik
m_fortuitum,Jobu08
m_fortuitum,Redi
m_fortuitum,Trixie
m_fortuitum,Kampy
m_fortuitum,Phantastic
m_vaccae,Eagle
m_vaccae,Vix
m_vaccae,LHTSCC
m_vaccae,Medusa
m_vaccae,Anubis
m_vaccae,BellusTerra
m_vaccae,Obama12
m_vaccae,Equemioh13
m_vaccae,Tiffany
m_vaccae,Piro94
m_vaccae,MarQuardt
m_vaccae,SweetiePie
m_vaccae,Larenn
m_vaccae,Taurus
m_vaccae,Marie
m_vaccae,Malinsilva
m_vaccae,Hercules11
m_vaccae,EvilGenius
m_vaccae,ChipMunk
m_vaccae,Penny1
m_vaccae,Aglet
m_vaccae,Pukovnik
m_vaccae,Jobu08
m_vaccae,Redi
m_vaccae,Trixie
m_vaccae,Kampy
m_vaccae,Phantastic
m_avium_ssp_paratuberculosis_MAP,Bactobuster
m_avium_ssp_paratuberculosis_MAP,Giles
m_avium_ssp_paratuberculosis_MAP,SWU1
m_dioxanotrophicus,Eagle
m_dioxanotrophicus,Vix
m_dioxanotrophicus,Medusa
m_dioxanotrophicus,Anubis
m_dioxanotrophicus,Equemioh13
m_dioxanotrophicus,Tiffany
m_dioxanotrophicus,Piro94
m_dioxanotrophicus,MarQuardt
m_dioxanotrophicus,SweetiePie
m_dioxanotrophicus,Larenn
m_dioxanotrophicus,Taurus
m_dioxanotrophicus,Marie
m_dioxanotrophicus,Malinsilva
m_dioxanotrophicus,Hercules11
m_dioxanotrophicus,EvilGenius
m_dioxanotrophicus,ChipMunk
m_dioxanotrophicus,Penny1
m_dioxanotrophicus,Aglet
m_dioxanotrophicus,Pukovnik
m_dioxanotrophicus,Jobu08
m_dioxanotrophicus,Trixie
m_dioxanotrophicus,Kampy
m_dioxanotrophicus,Phantastic
m_lepraemurium,Ariel
m_lepraemurium,MiaZeal 
m_lepraemurium,Che12
m_lepraemurium,Giles
m_lepraemurium,Adzzy
m_lepraemurium,Courthouse
m_lepraemurium,Miazeal
m_avium,Ariel
m_avium,MiaZeal 
m_avium,Che12
m_avium,Adzzy
m_avium,Courthouse
m_avium,Miazeal
m_avium_ssp_paratuberculosis_k10,Ariel
m_avium_ssp_paratuberculosis_k10,MiaZeal 
m_avium_ssp_paratuberculosis_k10,Che12
m_avium_ssp_paratuberculosis_k10,Adzzy
m_avium_ssp_paratuberculosis_k10,Courthouse
m_avium_ssp_paratuberculosis_k10,Miazeal
m_marinum,ShedlockHolmes
m_marinum,Bactobuster
m_marinum,SWU1
m_marinum,DS6A
m_marinum,Keshu
m_smegmatis,Ariel
m_smegmatis,MiaZeal 
m_smegmatis,Che12
m_smegmatis,Adzzy
m_smegmatis,Courthouse
m_smegmatis,Miazeal
m_ssp_jls,Ariel
m_ssp_jls,MiaZeal 
m_ssp_jls,Bactobuster
m_ssp_jls,SWU1
m_ssp_jls,Courthouse
m_ssp_jls,Redi
m_ssp_jls,Miazeal
m_ssp_kms,Ariel
m_ssp_kms,MiaZeal 
m_ssp_kms,Bactobuster
m_ssp_kms,SWU1
m_ssp_kms,Courthouse
m_ssp_kms,Redi
m_ssp_kms,Miazeal
m_ssp_mcs,Ariel
m_ssp_mcs,MiaZeal 
m_ssp_mcs,Bactobuster
m_ssp_mcs,SWU1
m_ssp_mcs,Courthouse
m_ssp_mcs,Redi
m_ssp_mcs,Miazeal
m_ulcerans ,Bactobuster
m_ulcerans ,SWU1
m_vanbaalenii,Ariel
m_vanbaalenii,MiaZeal 
m_vanbaalenii,Bactobuster
m_vanbaalenii,SWU1
m_vanbaalenii,Courthouse
m_vanbaalenii,Miazeal
m_gilvum,Bactobuster
m_gilvum,SWU1
m_gilvum,Redi
m_abscessus,Babsiella
m_intracellulare,Che12
m_intracellulare,Adzzy
m_liflandii,Bactobuster
m_liflandii,SWU1
m_shigaense,Che12
m_shigaense,Giles
m_shigaense,Adzzy
m_fortuitum,Ariel
m_fortuitum,MiaZeal 
m_fortuitum,Bactobuster
m_fortuitum,Giles
m_fortuitum,SWU1
m_fortuitum,Courthouse
m_fortuitum,Miazeal
m_vaccae,Ariel
m_vaccae,MiaZeal 
m_vaccae,Bactobuster
m_vaccae,SWU1
m_vaccae,Courthouse
m_vaccae,Miazeal
m_avium_ssp_paratuberculosis_MAP,Ariel
m_avium_ssp_paratuberculosis_MAP,MiaZeal 
m_avium_ssp_paratuberculosis_MAP,Che12
m_avium_ssp_paratuberculosis_MAP,Adzzy
m_avium_ssp_paratuberculosis_MAP,Courthouse
m_avium_ssp_paratuberculosis_MAP,Miazeal
m_dioxanotrophicus,Bactobuster
m_dioxanotrophicus,SWU1
m_neoaurum,Redi
m_senegalense,CaptainTrips
m_senegalense,Xfactor 
m_senegalense,Pacc40
m_senegalense,Xfactor  
mtb_c,ShedlockHolmes
mtb_c,Keshu
mtb_haarlem,ShedlockHolmes
mtb_haarlem,Keshu
m_microti,ShedlockHolmes
m_microti,Keshu
m_bovis,ShedlockHolmes
m_bovis,Keshu
m_africanum,ShedlockHolmes
m_africanum,Keshu
m_avium,Phayonce
m_bovis_bcg,ShedlockHolmes
m_bovis_bcg,Keshu
m_marinum,Sparkdehlily
m_marinum,Che12
m_marinum,Adzzy
m_marinum,Redno2
m_marinum,Wanda
m_marinum,Thibault
m_marinum,Minerva
m_smegmatis,Angelica
m_ssp_jls,Reprobate
m_ssp_jls,Che12
m_ssp_jls,Adzzy
m_ssp_jls,Phelemich
m_ssp_kms,Che12
m_ssp_kms,Adzzy
m_ssp_mcs,Che12
m_ssp_mcs,Adzzy
mtb_cdc1551,ShedlockHolmes
mtb_cdc1551,Keshu
mtb_f11,ShedlockHolmes
mtb_f11,Keshu
mtb_h37ra,ShedlockHolmes
mtb_h37ra,Keshu
m_ulcerans ,ShedlockHolmes
m_ulcerans ,Che12
m_ulcerans ,Adzzy
m_ulcerans ,Redno2
m_ulcerans ,Wanda
m_ulcerans ,Thibault
m_ulcerans ,Minerva
m_ulcerans ,Keshu
m_vanbaalenii,Che12
m_vanbaalenii,Adzzy
mtb_h37rv,ShedlockHolmes
mtb_h37rv,Keshu
m_gilvum,Che12
m_gilvum,Adzzy
m_gilvum,Redno2
m_gilvum,Wanda
m_gilvum,Thibault
m_gilvum,Minerva
m_abscessus,Florinda
m_intracellulare,ShedlockHolmes
m_intracellulare,Redno2
m_intracellulare,Wanda
m_intracellulare,Thibault
m_intracellulare,Minerva
m_intracellulare,Keshu
m_liflandii,ShedlockHolmes
m_liflandii,Che12
m_liflandii,Adzzy
m_liflandii,Redno2
m_liflandii,Wanda
m_liflandii,Thibault
m_liflandii,Minerva
m_liflandii,Keshu
m_shigaense,Redno2
m_shigaense,Wanda
m_shigaense,Thibault
m_shigaense,Minerva
m_shigaense,Sbash
m_stephanolepidis,Ardmore
m_stephanolepidis,Redno2
m_stephanolepidis,Wanda
m_stephanolepidis,Thibault
m_stephanolepidis,Minerva
m_fortuitum,Che12
m_fortuitum,Angelica
m_fortuitum,Adzzy
m_vaccae,ShedlockHolmes
m_vaccae,Che12
m_vaccae,Adzzy
m_vaccae,Keshu
m_phlei,ShedlockHolmes
m_phlei,Adler
m_phlei,Redi
m_phlei,Keshu
m_dioxanotrophicus,Archie
m_dioxanotrophicus,Che12
m_dioxanotrophicus,Adzzy
m_dioxanotrophicus,Redno2
m_dioxanotrophicus,Wanda
m_dioxanotrophicus,Thibault
m_dioxanotrophicus,Minerva
m_neoaurum,Angelica
m_senegalense,Ariel
m_senegalense,MiaZeal 
m_senegalense,Dante
m_senegalense,Archie
m_senegalense,Shipwreck
m_senegalense,Angelica
m_senegalense,Courthouse
m_senegalense,Sbash
m_senegalense,Miazeal
m_fallax,Angelica
mtb_c,DS6A
mtb_haarlem,DS6A
m_microti,DS6A
m_bovis,DS6A
m_africanum,DS6A
m_bovis_bcg,DS6A
m_leprae,ShedlockHolmes
m_leprae,Keshu
m_ssp_kms,Redno2
m_ssp_kms,Wanda
m_ssp_kms,Thibault
m_ssp_kms,Minerva
mtb_cdc1551,DS6A
mtb_f11,DS6A
mtb_h37ra,DS6A
m_ulcerans ,DS6A
mtb_h37rv,DS6A
m_gilvum,Giles
m_abscessus,Redno2
m_abscessus,Wanda
m_abscessus,Thibault
m_abscessus,Minerva
m_intracellulare,Bron
m_intracellulare,DS6A
m_liflandii,DS6A
m_shigaense,Dori
m_vaccae,DS6A
m_phlei,DS6A
m_dioxanotrophicus,Brujita
m_dioxanotrophicus,Island3
m_dioxanotrophicus,DS6A
mtb_c,Faith1
mtb_c,Winky
mtb_c,Breezona
mtb_c,Archie
mtb_c,Loadrie 
mtb_c,Gardann
mtb_c,Crossroads
mtb_haarlem,Faith1
mtb_haarlem,Winky
mtb_haarlem,Breezona
mtb_haarlem,Archie
mtb_haarlem,Loadrie 
mtb_haarlem,Gardann
mtb_haarlem,Crossroads
m_microti,Faith1
m_microti,Winky
m_microti,Breezona
m_microti,Archie
m_microti,Loadrie 
m_microti,Gardann
m_microti,Crossroads
m_bovis,Faith1
m_bovis,Winky
m_bovis,Breezona
m_bovis,Archie
m_bovis,Loadrie 
m_bovis,Gardann
m_bovis,Crossroads
m_lepraemurium,Bron
m_africanum,Faith1
m_africanum,Winky
m_africanum,Breezona
m_africanum,Archie
m_africanum,Loadrie 
m_africanum,Gardann
m_africanum,Crossroads
m_avium_ssp_paratuberculosis_k10,Bron
m_bovis_bcg,Faith1
m_bovis_bcg,Winky
m_bovis_bcg,Breezona
m_bovis_bcg,Archie
m_bovis_bcg,Loadrie 
m_bovis_bcg,Gardann
m_bovis_bcg,Crossroads
m_leprae,DS6A
m_ssp_jls,Audrey
m_ssp_jls,ShedlockHolmes
m_ssp_jls,Keshu
mtb_cdc1551,Faith1
mtb_cdc1551,Winky
mtb_cdc1551,Breezona
mtb_cdc1551,Archie
mtb_cdc1551,Loadrie 
mtb_cdc1551,Gardann
mtb_cdc1551,Crossroads
mtb_f11,Faith1
mtb_f11,Winky
mtb_f11,Breezona
mtb_f11,Archie
mtb_f11,Loadrie 
mtb_f11,Gardann
mtb_f11,Crossroads
mtb_h37ra,Faith1
mtb_h37ra,Winky
mtb_h37ra,Breezona
mtb_h37ra,Archie
mtb_h37ra,Loadrie 
mtb_h37ra,Gardann
mtb_h37ra,Crossroads
mtb_h37rv,Faith1
mtb_h37rv,Winky
mtb_h37rv,Breezona
mtb_h37rv,Archie
mtb_h37rv,Loadrie 
mtb_h37rv,Gardann
mtb_h37rv,Crossroads
m_abscessus,U2
m_intracellulare,Sparkdehlily
m_shigaense,ShedlockHolmes
m_shigaense,Bron
m_shigaense,Keshu
m_avium_ssp_paratuberculosis_MAP,Bron
m_senegalense,Bobi
m_lepraemurium,Sparkdehlily
m_lepraemurium,Redno2
m_lepraemurium,Wanda
m_lepraemurium,Thibault
m_lepraemurium,Minerva
m_avium,Sparkdehlily
m_avium,Redno2
m_avium,Wanda
m_avium,Thibault
m_avium,Minerva
m_avium_ssp_paratuberculosis_k10,Sparkdehlily
m_avium_ssp_paratuberculosis_k10,Redno2
m_avium_ssp_paratuberculosis_k10,Wanda
m_avium_ssp_paratuberculosis_k10,Thibault
m_avium_ssp_paratuberculosis_k10,Minerva
m_leprae,Sparkdehlily
m_smegmatis,ShedlockHolmes
m_smegmatis,Sparkdehlily
m_smegmatis,Redno2
m_smegmatis,Wanda
m_smegmatis,Thibault
m_smegmatis,Minerva
m_smegmatis,Keshu
m_ssp_jls,Redno2
m_ssp_jls,Wanda
m_ssp_jls,Thibault
m_ssp_jls,DS6A
m_ssp_jls,Minerva
m_ssp_kms,Sparkdehlily
m_ssp_mcs,Sparkdehlily
m_ssp_mcs,Redno2
m_ssp_mcs,Wanda
m_ssp_mcs,Thibault
m_ssp_mcs,Minerva
m_ulcerans ,Sparkdehlily
m_vanbaalenii,Sparkdehlily
m_vanbaalenii,Redno2
m_vanbaalenii,Wanda
m_vanbaalenii,Thibault
m_vanbaalenii,Minerva
m_gilvum,ShedlockHolmes
m_gilvum,Sparkdehlily
m_gilvum,Keshu
m_liflandii,Sparkdehlily
m_shigaense,Sparkdehlily
m_shigaense,DS6A
m_stephanolepidis,WIVsmall
m_fortuitum,Sparkdehlily
m_fortuitum,Redno2
m_fortuitum,Wanda
m_fortuitum,Thibault
m_fortuitum,DS6A
m_fortuitum,Minerva
m_vaccae,Sparkdehlily
m_vaccae,Giles
m_vaccae,Redno2
m_vaccae,Wanda
m_vaccae,Thibault
m_vaccae,Minerva
m_phlei,Sparkdehlily
m_avium_ssp_paratuberculosis_MAP,Sparkdehlily
m_avium_ssp_paratuberculosis_MAP,Redno2
m_avium_ssp_paratuberculosis_MAP,Wanda
m_avium_ssp_paratuberculosis_MAP,Thibault
m_avium_ssp_paratuberculosis_MAP,Minerva
m_chelonae,Gaia
m_simiae,Sbash
m_lepraemurium,ShedlockHolmes
m_lepraemurium,Keshu
m_avium,ShedlockHolmes
m_avium,Bron
m_avium,Keshu
m_avium_ssp_paratuberculosis_k10,ShedlockHolmes
m_avium_ssp_paratuberculosis_k10,Keshu
m_smegmatis,DS6A
m_ssp_kms,ShedlockHolmes
m_ssp_kms,Keshu
m_ssp_mcs,ShedlockHolmes
m_ssp_mcs,Keshu
m_vanbaalenii,DS6A
m_gilvum,DS6A
m_abscessus,Giles
m_avium_ssp_paratuberculosis_MAP,ShedlockHolmes
m_avium_ssp_paratuberculosis_MAP,Keshu
m_dioxanotrophicus,Rosebush
m_dioxanotrophicus,Qyrzula
m_senegalense,Snenia
m_senegalense,Brusacoram
m_senegalense,Lumos
m_senegalense,Redno2
m_senegalense,Wanda
m_senegalense,Thibault
m_senegalense,Minerva
m_simiae,Dori
m_lepraemurium,DS6A
m_avium,DS6A
m_avium_ssp_paratuberculosis_k10,DS6A
m_abscessus,Bruns 
m_avium_ssp_paratuberculosis_MAP,DS6A
m_senegalense,Butters 
m_marinum,Sbash
m_ssp_kms,DS6A
m_ssp_mcs,DS6A
m_ulcerans ,Sbash
m_vanbaalenii,ShedlockHolmes
m_vanbaalenii,Keshu
m_liflandii,Sbash
m_fortuitum,Faith1
m_fortuitum,Winky
m_fortuitum,Breezona
m_fortuitum,ShedlockHolmes
m_fortuitum,Archie
m_fortuitum,Loadrie 
m_fortuitum,Gardann
m_fortuitum,Crossroads
m_fortuitum,Keshu
m_dioxanotrophicus,Faith1
m_dioxanotrophicus,Winky
m_dioxanotrophicus,Breezona
m_dioxanotrophicus,Loadrie 
m_dioxanotrophicus,Gardann
m_dioxanotrophicus,Crossroads
m_senegalense,Faith1
m_senegalense,Winky
m_senegalense,Breezona
m_senegalense,Loadrie 
m_senegalense,Gardann
m_senegalense,Crossroads
m_marinum,Dori
m_smegmatis,Faith1
m_smegmatis,Winky
m_smegmatis,Breezona
m_smegmatis,Archie
m_smegmatis,Loadrie 
m_smegmatis,Gardann
m_smegmatis,Crossroads
m_ssp_jls,Faith1
m_ssp_jls,Winky
m_ssp_jls,Breezona
m_ssp_jls,Archie
m_ssp_jls,Loadrie 
m_ssp_jls,Gardann
m_ssp_jls,Crossroads
m_ssp_kms,Faith1
m_ssp_kms,Winky
m_ssp_kms,Breezona
m_ssp_kms,Archie
m_ssp_kms,Loadrie 
m_ssp_kms,Gardann
m_ssp_kms,Crossroads
m_ssp_mcs,Faith1
m_ssp_mcs,Winky
m_ssp_mcs,Breezona
m_ssp_mcs,Archie
m_ssp_mcs,Loadrie 
m_ssp_mcs,Gardann
m_ssp_mcs,Crossroads
m_ulcerans ,Dori
m_liflandii,Dori
m_stephanolepidis,Archie
m_dioxanotrophicus,ShedlockHolmes
m_dioxanotrophicus,Keshu
m_stephanolepidis,Faith1
m_stephanolepidis,Winky
m_stephanolepidis,Breezona
m_stephanolepidis,Loadrie 
m_stephanolepidis,Gardann
m_stephanolepidis,Crossroads
m_phlei,Faith1
m_phlei,Winky
m_phlei,Breezona
m_phlei,Archie
m_phlei,Loadrie 
m_phlei,Gardann
m_phlei,Crossroads
mtb_c,Sparkdehlily
mtb_haarlem,Sparkdehlily
m_microti,Sparkdehlily
m_bovis,Sparkdehlily
m_africanum,Sparkdehlily
m_bovis_bcg,Sparkdehlily
mtb_cdc1551,Sparkdehlily
mtb_f11,Sparkdehlily
mtb_h37ra,Sparkdehlily
mtb_h37rv,Sparkdehlily
m_senegalense,MichelleMyBell
m_senegalense,Jolie1
m_dioxanotrophicus,Phayonce
m_fallax,Dori
m_fallax,Sbash
m_stephanolepidis,Dori
m_senegalense,Larenn
m_senegalense,KayaCho
m_stephanolepidis,Sbash
m_dioxanotrophicus,Dori
m_abscessus,SG4
m_senegalense,Billknuckles
m_gilvum,Dori
m_senegalense,Chadwick
m_senegalense,Sparky
m_gilvum,Sbash
m_abscessus,Dori
m_senegalense,Severus
m_senegalense,39HC
m_senegalense,Hosp
m_senegalense,Leo
m_senegalense,DNAIII
m_senegalense,Guo1
m_senegalense,Sneeze
m_vanbaalenii,Dori
m_abscessus,Sbash
m_dioxanotrophicus,39HC
m_senegalense,Liefie
m_senegalense,Trike
m_chelonae,Dori
m_dioxanotrophicus,Inventum
m_vanbaalenii,Sbash
m_gilvum,PopTart
m_dioxanotrophicus,Hosp
m_senegalense,Bps
m_senegalense,Angel
m_senegalense,Hope
m_senegalense,Phreak
m_senegalense,Cedasite
m_senegalense,Frosty24
m_senegalense,BruceB
m_senegalense,Halo
m_chelonae,Sbash
m_gilvum,Jabbawokkie
m_gilvum,Zapner
m_gilvum,Avani
m_ssp_jls,Dori
m_ssp_kms,Dori
m_ssp_mcs,Dori
m_phlei,Dori
m_dioxanotrophicus,Baee
m_smegmatis,Dori
m_abscessus,Papez
m_abscessus,SarFire
m_abscessus,Euphoria
m_ssp_jls,Sbash
m_ssp_kms,Sbash
m_ssp_mcs,Sbash
m_phlei,Sbash
m_abscessus,SargentShorty9
m_abscessus,Nerujay
m_abscessus,Solon
m_abscessus,CASbig
m_abscessus,Trouble
m_abscessus,Wheeler
m_abscessus,PhrostyMug
m_abscessus,Perseus
m_abscessus,Aeneas
m_fortuitum,Dori
m_marinum,Phatniss
m_dioxanotrophicus,Acadian
m_smegmatis,Sbash
m_senegalense,Inventum
m_abscessus,Abrogate
m_abscessus,Edtherson
m_abscessus,Tasp14
m_abscessus,Turj99
m_abscessus,Bircsak
m_abscessus,Gompeii16
m_abscessus,KBG
m_abscessus,PattyP
m_abscessus,HanShotFirst 
m_abscessus,Violet
m_abscessus,Kugel
m_abscessus,Billknuckles
m_abscessus,Pinto
m_fortuitum,Sbash
m_abscessus,Lamina13
m_senegalense,Bipolar
m_marinum,Cerasum
m_dioxanotrophicus,KayaCho
m_senegalense,Cambiare
m_senegalense,MOOREtheMARYer
m_smegmatis,Butters 
m_dioxanotrophicus,PG1
m_dioxanotrophicus,Chah
m_dioxanotrophicus,Colbert
m_dioxanotrophicus,Klucky39
m_dioxanotrophicus,Phipps
m_dioxanotrophicus,Vortex
m_dioxanotrophicus,Osmaximus
m_dioxanotrophicus,Kikipoo
m_dioxanotrophicus,Sdcharge11
m_dioxanotrophicus,Swish
m_dioxanotrophicus,Eremos
m_dioxanotrophicus,Pops
m_dioxanotrophicus,Orion 
m_dioxanotrophicus,Newman
m_dioxanotrophicus,Oline
m_dioxanotrophicus,Vista
m_dioxanotrophicus,JacAttac
m_dioxanotrophicus,Manad
m_dioxanotrophicus,Soto
m_dioxanotrophicus,UncleHowie
m_dioxanotrophicus,ShiVal
m_dioxanotrophicus,Badfish
m_dioxanotrophicus,Apizium
m_marinum,Cheetobro
m_marinum,Fionnbarth
m_dioxanotrophicus,Phatniss
m_dioxanotrophicus,Tweety
m_senegalense,FlagStaff
m_dioxanotrophicus,Carcharodon
m_dioxanotrophicus,Xerxes 
m_smegmatis,Xfactor 
m_smegmatis,Boomer 
m_smegmatis,Xfactor  
m_smegmatis,Brocalys
m_smegmatis,Llij
m_smegmatis,PMC
m_smegmatis,SiSi
m_smegmatis,Job42
m_smegmatis,Saal
m_smegmatis,Drago
m_smegmatis,Gumbie
m_senegalense,Baee
m_dioxanotrophicus,Kimberlium
m_dioxanotrophicus,Gumbie
m_smegmatis,CaptainTrips
m_smegmatis,Seagreen
m_smegmatis,Fruitloop
m_smegmatis,Phrux
m_smegmatis,Quink
m_chelonae,OkiRoe
m_senegalense,Reprobate
m_senegalense,Phelemich
m_dioxanotrophicus,Panchino 
m_dioxanotrophicus,Phrann
m_dioxanotrophicus,Panchino
m_senegalense,Acadian
m_senegalense,MosMoris
m_flavescens,Omnicron
m_abscessus,Gaia
m_flavescens,Gengar
m_flavescens,Gengar 
m_vanbaalenii,Adler
m_smegmatis,Bxz1
m_smegmatis,Catera
m_smegmatis,ScottMcG
m_smegmatis,Spud
m_smegmatis,Rizal 
m_smegmatis,Gizmo
m_smegmatis,ArcherS7
m_smegmatis,Astraea
m_smegmatis,MoMoMixon
m_smegmatis,Pleione
m_flavescens,Larva
m_flavescens,Kratio
m_chelonae,Larva
m_dioxanotrophicus,Babsiella
m_smegmatis,Carcharodon
m_smegmatis,Xerxes 
m_smegmatis,Xeno
m_smegmatis,Charlie
m_smegmatis,Squirty
m_flavescens,OkiRoe
m_smegmatis,Kimberlium
m_marinum,Myrna
m_senegalense,Firecracker
m_vaccae,Adler
m_ssp_kms,Myrna
m_ssp_mcs,Myrna
m_senegalense,Romney
m_senegalense,Wilbur
m_smegmatis,Myrna
m_vanbaalenii,Myrna
m_shigaense,Myrna
m_fortuitum,Myrna
m_senegalense,Catdawg
m_senegalense,Wile
m_senegalense,Myrna
m_avium,Adler
m_stephanolepidis,Myrna
m_abscessus,Myrna
m_dioxanotrophicus,Charlie
m_lepraemurium,Adler
m_smegmatis,Panchino 
m_smegmatis,Panchino
m_dioxanotrophicus,Myrna
m_lepraemurium,Myrna
m_intracellulare,Myrna
m_dioxanotrophicus,Jolie1
m_avium,Myrna
m_fortuitum,OkiRoe
m_vaccae,Myrna
m_avium_ssp_paratuberculosis_k10,Myrna
m_avium_ssp_paratuberculosis_MAP,Myrna
m_fortuitum,Phlei
m_dioxanotrophicus,Phaedrus
m_dioxanotrophicus,Pipefish
m_dioxanotrophicus,Akoma
m_dioxanotrophicus,Phlyer
m_dioxanotrophicus,Bernardo
m_dioxanotrophicus,Gadjet
m_dioxanotrophicus,Audrey
m_smegmatis,Sparky
m_senegalense,Enkosi
m_dioxanotrophicus,Heathcliff
m_abscessus,Estave1
m_dioxanotrophicus,Dante
m_dioxanotrophicus,Saal
m_dioxanotrophicus,WIVsmall
m_phlei,Validus
m_abscessus,Llama
m_senegalense,Validus
m_abscessus,Brocalys
m_abscessus,Saal
m_abscessus,Phatniss
m_abscessus,PopTart
m_abscessus,Ardmore
m_abscessus,Taj
m_abscessus,Tweety
m_abscessus,Bipolar
m_abscessus,Ovechkin
m_abscessus,Wee
m_abscessus,Deadp
m_abscessus,CaptainTrips
m_fortuitum,Mulciber
m_dioxanotrophicus,Ramsey
m_abscessus,Llij
m_senegalense,DS6A
m_abscessus,Dante
m_abscessus,Hamulus 
m_abscessus,Xfactor 
m_abscessus,PMC
m_abscessus,Fruitloop
m_abscessus,Xfactor  
m_abscessus,Gumbie
m_chelonae,Myrna
m_africanum,PegLeg
mtb_haarlem,PegLeg
m_microti,PegLeg
m_bovis,PegLeg
m_bovis_bcg,PegLeg
mtb_cdc1551,PegLeg
mtb_f11,PegLeg
mtb_h37ra,PegLeg
mtb_h37rv,PegLeg
m_chelonae,PegLeg
m_abscessus,PegLeg
m_lepraemurium,PegLeg
m_dioxanotrophicus,Jabbawokkie
m_dioxanotrophicus,Zapner
m_africanum,Bricole
m_abscessus,Bricole
m_stephanolepidis,PegLeg
mtb_haarlem,Bricole
m_microti,Bricole
m_bovis,Bricole
m_bovis_bcg,Bricole
mtb_cdc1551,Bricole
mtb_f11,Bricole
mtb_h37ra,Bricole
mtb_h37rv,Bricole
m_chelonae,Bricole
m_senegalense,PegLeg
m_intracellulare,PegLeg
m_stephanolepidis,Bricole
m_avium,PegLeg
m_dioxanotrophicus,PegLeg
m_vanbaalenii,PegLeg
m_fortuitum,PegLeg
m_avium_ssp_paratuberculosis_k10,PegLeg
m_ssp_jls,PegLeg
m_ssp_kms,PegLeg
m_ssp_mcs,PegLeg
m_avium_ssp_paratuberculosis_MAP,PegLeg
m_shigaense,PegLeg
m_lepraemurium,Bricole
m_senegalense,Bricole
m_fortuitum,Smeadley
m_smegmatis,PegLeg
m_ulcerans ,PegLeg
m_phlei,PegLeg
m_marinum,PegLeg
m_liflandii,PegLeg
m_phlei,Myrna
m_gilvum,PegLeg
m_fortuitum,Fredward
m_dioxanotrophicus,Pacc40
m_intracellulare,Bricole
m_vaccae,PegLeg
m_vanbaalenii,Bricole
m_avium,Bricole
m_dioxanotrophicus,Bricole
m_ssp_jls,Bricole
m_ssp_kms,Bricole
m_ssp_mcs,Bricole
m_fortuitum,Bricole
m_avium_ssp_paratuberculosis_k10,Bricole
m_avium_ssp_paratuberculosis_MAP,Bricole
m_shigaense,Bricole
m_gilvum,Bricole
m_smegmatis,Bricole
m_phlei,Bricole
m_marinum,Bricole
m_ulcerans ,Bricole
m_liflandii,Bricole
m_senegalense,BigNuz
m_vaccae,Bricole
m_dioxanotrophicus,Reprobate
m_dioxanotrophicus,Phelemich
m_senegalense,Dori
m_senegalense,Babsiella
m_fortuitum,Billknuckles
m_fortuitum,Violet
m_fortuitum,Alvin
m_fortuitum,Seabiscuit
m_fortuitum,HanShotFirst 
m_fortuitum,Bethlehem
m_fortuitum,Lockley
m_fortuitum,DD5
m_fortuitum,Jasper
m_fortuitum,CASbig
m_fortuitum,Trouble
m_fortuitum,Nerujay
m_fortuitum,Barriga 
m_fortuitum,Dreamboat
m_fortuitum,Pinto
m_fortuitum,SargentShorty9
m_fortuitum,Abrogate
m_fortuitum,Edtherson
m_fortuitum,TheloniousMonk
m_fortuitum,Pari
m_fortuitum,Makemake
m_fortuitum,Solon
m_fortuitum,Wheeler
m_fortuitum,Nhonho
m_fortuitum,Rufus
m_fortuitum,Bruns 
m_fortuitum,RidgeCB
m_fortuitum,PhrostyMug
m_fortuitum,Graduation
m_fortuitum,Aeneas
m_fortuitum,Turj99
m_fortuitum,Bircsak
m_fortuitum,Gompeii16
m_fortuitum,SarFire
m_fortuitum,Euphoria
m_fortuitum,Alsfro
m_fortuitum,Lamina13
m_fortuitum,Tasp14
m_fortuitum,Papez
m_fortuitum,KBG
m_fortuitum,Perseus
m_fortuitum,Pepe
m_fortuitum,Kugel
m_fortuitum,SkiPole
m_fortuitum,PattyP
m_fortuitum,Doom
m_fortuitum,U2
m_senegalense,Phayonce
